{
  "project_info": {
    "project_number": "1074969628472",
    "project_id": "login-page-13fd7",
    "storage_bucket": "login-page-13fd7.appspot.com"
  },
  "client": [
    {
      "client_info": {
        "mobilesdk_app_id": "1:1074969628472:android:c75632c9b0897f0ce0bbcd",
        "android_client_info": {
          "package_name": "good.ss.um"
        }
      },
      "oauth_client": [
        {
          "client_id": "1074969628472-i0fmv1t0mptrdm4kmsak57h1ngdcvk7n.apps.googleusercontent.com",
          "client_type": 3
        }
      ],
      "api_key": [
        {
          "current_key": "AIzaSyBwjL0yrl0JOhr9_vLbKRTRQo-nwoO93z4"
        }
      ],
      "services": {
        "appinvite_service": {
          "other_platform_oauth_client": [
            {
              "client_id": "1074969628472-i0fmv1t0mptrdm4kmsak57h1ngdcvk7n.apps.googleusercontent.com",
              "client_type": 3
            }
          ]
        }
      }
    }
  ],
  "configuration_version": "1"
}